{"started_at": 1781449775.2521908, "expires_at": 1781468675.2521033, "mode": "schedule"}