{"started_at": 1782310170.2144542, "expires_at": 1782329070.21437, "mode": "schedule"}