{"started_at": 1781748024.452343, "expires_at": 1781766924.4522223, "mode": "workflow_dispatch"}