{"started_at": 1781540908.299574, "expires_at": 1781559808.2994902, "mode": "schedule"}