{"started_at": 1782028061.734513, "expires_at": 1782046961.7344253, "mode": "schedule"}