{"started_at": 1781765320.4152346, "expires_at": 1781784220.4151552, "mode": "schedule"}