{"started_at": 1782365617.290163, "expires_at": 1782384517.290047, "mode": "workflow_dispatch"}