{"started_at": 1781780035.0837815, "expires_at": 1781798935.083698, "mode": "schedule"}