{"started_at": 1781881100.5773244, "expires_at": 1781900000.5772393, "mode": "schedule"}