{"started_at": 1781546447.934693, "expires_at": 1781565347.9346194, "mode": "schedule"}