{"started_at": 1781801297.3096664, "expires_at": 1781820197.3095748, "mode": "schedule"}