{"started_at": 1781190414.5605452, "expires_at": 1781209314.5604613, "mode": "schedule"}