{"started_at": 1781854316.1798816, "expires_at": 1781873216.1798046, "mode": "schedule"}