{"started_at": 1782553262.3348646, "expires_at": 1782572162.334788, "mode": "schedule"}