{"started_at": 1781278864.4881501, "expires_at": 1781297764.4878674, "mode": "workflow_dispatch"}