{"started_at": 1782018391.7682314, "expires_at": 1782037291.768127, "mode": "workflow_dispatch"}