{"started_at": 1782279116.5062408, "expires_at": 1782298016.506179, "mode": "workflow_dispatch"}