{"started_at": 1781335868.6956122, "expires_at": 1781354768.695363, "mode": "workflow_dispatch"}