{"started_at": 1782482567.5574064, "expires_at": 1782501467.5573292, "mode": "schedule"}