{"started_at": 1782371074.7958515, "expires_at": 1782389974.7957869, "mode": "schedule"}