{"started_at": 1782177336.8516283, "expires_at": 1782196236.8515415, "mode": "workflow_dispatch"}