{"started_at": 1782119376.817473, "expires_at": 1782138276.8173804, "mode": "schedule"}