{"started_at": 1781102318.9794884, "expires_at": 1781121218.9794064, "mode": "schedule"}