{"started_at": 1781201883.062246, "expires_at": 1781220783.0619352, "mode": "schedule"}