{"started_at": 1781950890.0337863, "expires_at": 1781969790.0337114, "mode": "schedule"}