{"started_at": 1782317546.8523254, "expires_at": 1782336446.8522384, "mode": "schedule"}