{"started_at": 1781887722.2676642, "expires_at": 1781906622.2675712, "mode": "schedule"}