{"started_at": 1781963997.2123775, "expires_at": 1781982897.2122734, "mode": "schedule"}