{"started_at": 1784738631.7558377, "expires_at": 1784757531.7557356, "mode": "workflow_dispatch"}