{"started_at": 1781691972.0387483, "expires_at": 1781710872.0386584, "mode": "schedule"}