{"started_at": 1782038518.6276298, "expires_at": 1782057418.6275458, "mode": "schedule"}