{"started_at": 1782457575.0468137, "expires_at": 1782476475.0467305, "mode": "schedule"}