{"started_at": 1782104161.8841805, "expires_at": 1782123061.8840804, "mode": "workflow_dispatch"}