{"started_at": 1781109518.7694697, "expires_at": 1781128418.769365, "mode": "schedule"}