{"started_at": 1782232963.6895685, "expires_at": 1782251863.689485, "mode": "schedule"}