{"started_at": 1782296816.9559205, "expires_at": 1782315716.955846, "mode": "schedule"}