{"started_at": 1781427776.2787993, "expires_at": 1781446676.2787132, "mode": "schedule"}