{"started_at": 1782296944.2866342, "expires_at": 1782315844.286558, "mode": "schedule"}