{"started_at": 1782542356.0412502, "expires_at": 1782561256.0411682, "mode": "schedule"}