{"started_at": 1781717514.181501, "expires_at": 1781736414.1814196, "mode": "schedule"}