{"started_at": 1781800585.0580125, "expires_at": 1781819485.0578995, "mode": "schedule"}