{"started_at": 1782147641.6693041, "expires_at": 1782166541.6692224, "mode": "schedule"}