{"started_at": 1781970707.4536426, "expires_at": 1781989607.4535577, "mode": "schedule"}