{"started_at": 1782146661.7953181, "expires_at": 1782165561.7952325, "mode": "schedule"}