{"started_at": 1781882118.6523333, "expires_at": 1781901018.6522489, "mode": "schedule"}