{"started_at": 1781681921.423074, "expires_at": 1781700821.4230113, "mode": "schedule"}