{"started_at": 1781767074.6092935, "expires_at": 1781785974.609186, "mode": "schedule"}