{"started_at": 1781829339.0139985, "expires_at": 1781848239.013904, "mode": "workflow_dispatch"}