{"started_at": 1781868763.4519036, "expires_at": 1781887663.4518182, "mode": "schedule"}