{"started_at": 1781526836.8032675, "expires_at": 1781545736.8031976, "mode": "schedule"}