{"started_at": 1782469691.7765498, "expires_at": 1782488591.7764559, "mode": "schedule"}