{"started_at": 1781777045.4170065, "expires_at": 1781795945.416912, "mode": "schedule"}