{"started_at": 1782057137.4418836, "expires_at": 1782076037.4418018, "mode": "schedule"}