{"started_at": 1781887889.6275344, "expires_at": 1781906789.627467, "mode": "schedule"}