{"started_at": 1782225146.0880578, "expires_at": 1782244046.0879774, "mode": "schedule"}