{"started_at": 1781805498.976917, "expires_at": 1781824398.9768436, "mode": "schedule"}