{"started_at": 1781795116.338191, "expires_at": 1781814016.338094, "mode": "schedule"}