{"started_at": 1782452215.8917558, "expires_at": 1782471115.891665, "mode": "workflow_dispatch"}