{"started_at": 1781970883.942492, "expires_at": 1781989783.9424098, "mode": "schedule"}