{"started_at": 1781714513.43716, "expires_at": 1781733413.4370866, "mode": "schedule"}