{"started_at": 1782211246.2184913, "expires_at": 1782230146.2184007, "mode": "schedule"}