{"started_at": 1782057599.890848, "expires_at": 1782076499.8907628, "mode": "schedule"}