{"started_at": 1781680660.6183074, "expires_at": 1781699560.6182308, "mode": "workflow_dispatch"}