{"started_at": 1782050102.7221298, "expires_at": 1782069002.7220507, "mode": "schedule"}