{"started_at": 1782198280.6272762, "expires_at": 1782217180.6271913, "mode": "schedule"}