{"started_at": 1782177314.2283626, "expires_at": 1782196214.2282703, "mode": "workflow_dispatch"}