{"started_at": 1782018449.0865283, "expires_at": 1782037349.0864315, "mode": "workflow_dispatch"}