{"started_at": 1782398138.6733012, "expires_at": 1782417038.6732266, "mode": "schedule"}