{"started_at": 1782050129.5525086, "expires_at": 1782069029.5524445, "mode": "schedule"}