{"started_at": 1781679831.0722826, "expires_at": 1781698731.0721967, "mode": "schedule"}