{"started_at": 1782577839.6843436, "expires_at": 1782596739.6842632, "mode": "schedule"}