{"started_at": 1781974562.9253252, "expires_at": 1781993462.9252431, "mode": "schedule"}