{"started_at": 1782284467.9788158, "expires_at": 1782303367.978739, "mode": "schedule"}