{"started_at": 1782365625.147187, "expires_at": 1782384525.147103, "mode": "workflow_dispatch"}