{"started_at": 1781453101.3254597, "expires_at": 1781472001.3253763, "mode": "schedule"}