{"started_at": 1782382886.2467656, "expires_at": 1782401786.2466824, "mode": "schedule"}