{"started_at": 1781240948.3412702, "expires_at": 1781259848.341176, "mode": "workflow_dispatch"}