{"started_at": 1781718771.654581, "expires_at": 1781737671.6545029, "mode": "schedule"}