{"started_at": 1782405317.3269436, "expires_at": 1782424217.3268669, "mode": "schedule"}