{"started_at": 1781259963.5209062, "expires_at": 1781278863.520666, "mode": "workflow_dispatch"}