{"started_at": 1781806425.275941, "expires_at": 1781825325.2758622, "mode": "schedule"}