{"started_at": 1782284442.569553, "expires_at": 1782303342.5694597, "mode": "schedule"}