{"started_at": 1782566675.6348784, "expires_at": 1782585575.634811, "mode": "schedule"}