{"started_at": 1781151647.2198086, "expires_at": 1781170547.2197127, "mode": "workflow_dispatch"}