{"started_at": 1781933822.4649398, "expires_at": 1781952722.4648476, "mode": "workflow_dispatch"}