{"started_at": 1782028096.6890676, "expires_at": 1782046996.6889682, "mode": "schedule"}