{"started_at": 1782405003.4751296, "expires_at": 1782423903.4749699, "mode": "schedule"}