{"started_at": 1781848870.365655, "expires_at": 1781867770.3655665, "mode": "workflow_dispatch"}