{"started_at": 1782383019.514137, "expires_at": 1782401919.5140402, "mode": "schedule"}