{"started_at": 1782038453.4725084, "expires_at": 1782057353.4724007, "mode": "schedule"}