{"started_at": 1781950763.7228374, "expires_at": 1781969663.722747, "mode": "schedule"}