{"started_at": 1781707134.8096044, "expires_at": 1781726034.8095317, "mode": "schedule"}