{"started_at": 1782133462.8443143, "expires_at": 1782152362.8442223, "mode": "schedule"}