{"started_at": 1781939896.7835271, "expires_at": 1781958796.7834365, "mode": "schedule"}