{"started_at": 1782279156.0688448, "expires_at": 1782298056.0687444, "mode": "workflow_dispatch"}