{"started_at": 1781356085.915512, "expires_at": 1781374985.9152803, "mode": "schedule"}