{"started_at": 1781508589.3515615, "expires_at": 1781527489.3514745, "mode": "schedule"}