{"started_at": 1781316943.5664346, "expires_at": 1781335843.5663652, "mode": "workflow_dispatch"}