{"started_at": 1782153080.9658928, "expires_at": 1782171980.965825, "mode": "schedule"}