{"started_at": 1781197008.2867227, "expires_at": 1781215908.2866273, "mode": "schedule"}