{"started_at": 1782232847.2827373, "expires_at": 1782251747.2826548, "mode": "schedule"}