{"started_at": 1781856579.1230538, "expires_at": 1781875479.122961, "mode": "schedule"}