{"started_at": 1781549573.3175447, "expires_at": 1781568473.317455, "mode": "schedule"}