{"started_at": 1781695419.1691737, "expires_at": 1781714319.169088, "mode": "schedule"}