{"started_at": 1781973783.5806832, "expires_at": 1781992683.5805712, "mode": "schedule"}