{"started_at": 1781418574.2386293, "expires_at": 1781437474.2385397, "mode": "schedule"}