{"started_at": 1780477364.1847856, "expires_at": 1780497164.1847317, "mode": "workflow_dispatch"}