{"started_at": 1781865652.6946208, "expires_at": 1781884552.6945505, "mode": "schedule"}