{"started_at": 1781706254.8208163, "expires_at": 1781725154.8207343, "mode": "schedule"}