{"started_at": 1781792072.0687811, "expires_at": 1781810972.0687037, "mode": "schedule"}