{"started_at": 1782211334.090921, "expires_at": 1782230234.090824, "mode": "schedule"}