{"started_at": 1781162150.6106167, "expires_at": 1781181050.6105444, "mode": "schedule"}