{"started_at": 1782311909.3557715, "expires_at": 1782330809.355696, "mode": "schedule"}