{"started_at": 1781939850.3249764, "expires_at": 1781958750.3248913, "mode": "schedule"}