{"started_at": 1782119530.7656794, "expires_at": 1782138430.7655888, "mode": "schedule"}