{"started_at": 1782102707.1172652, "expires_at": 1782121607.117167, "mode": "workflow_dispatch"}