{"started_at": 1782537775.9075482, "expires_at": 1782556675.9074557, "mode": "workflow_dispatch"}