{"started_at": 1781933852.7984576, "expires_at": 1781952752.7983582, "mode": "workflow_dispatch"}