{"started_at": 1782198254.780943, "expires_at": 1782217154.7808638, "mode": "schedule"}