{"started_at": 1782226811.7953272, "expires_at": 1782245711.7952468, "mode": "schedule"}