{"started_at": 1781176378.696394, "expires_at": 1781195278.696295, "mode": "schedule"}