{"started_at": 1782490368.8776798, "expires_at": 1782509268.8775983, "mode": "schedule"}