{"started_at": 1782574467.477272, "expires_at": 1782593367.477168, "mode": "schedule"}