{"started_at": 1782650572.0472863, "expires_at": 1782669472.0472147, "mode": "workflow_dispatch"}