{"started_at": 1782318242.2897067, "expires_at": 1782337142.289626, "mode": "schedule"}