{"started_at": 1781962722.314177, "expires_at": 1781981622.3140912, "mode": "schedule"}