{"started_at": 1781441868.2528434, "expires_at": 1781460768.2527573, "mode": "schedule"}